[
  {
    "uuid": "29a09d6c-e7ed-3732-8e09-8835e1203a3a",
    "name": "Rob",
    "level": 4,
    "bypassesPlayerLimit": false
  },
  {
    "uuid": "f4178b76-b8c7-3edf-a184-d3b914e3d144",
    "name": "Maryclaer",
    "level": 4,
    "bypassesPlayerLimit": false
  },
  {
    "uuid": "b729de65-e03e-3743-b2de-d6ad7c94c73c",
    "name": "slottwo",
    "level": 4,
    "bypassesPlayerLimit": false
  },
  {
    "uuid": "c4e738cd-8b7b-3b24-8cf6-8a9f26b16be6",
    "name": "Brunoo",
    "level": 4,
    "bypassesPlayerLimit": false
  }
]