{"stats":{"minecraft:picked_up":{"minecraft:writable_book":2,"minecraft:redstone_torch":2,"minecraft:redstone":1,"minecraft:chest":489},"minecraft:used":{"minecraft:redstone_torch":1,"minecraft:lever":15,"minecraft:writable_book":4,"minecraft:command_block":12,"minecraft:redstone":11,"minecraft:chain_command_block":25,"minecraft:lectern":1,"minecraft:chest":1,"minecraft:gray_concrete":11,"minecraft:white_concrete":72,"minecraft:redstone_block":6},"minecraft:custom":{"minecraft:time_since_rest":95785,"minecraft:open_chest":1,"minecraft:crouch_one_cm":7992,"minecraft:play_time":95785,"minecraft:sprint_one_cm":20427,"minecraft:walk_one_cm":177116,"minecraft:sneak_time":3695,"minecraft:drop":1,"minecraft:interact_with_lectern":2,"minecraft:jump":441,"minecraft:leave_game":1,"minecraft:time_since_death":95785,"minecraft:total_world_time":95785,"minecraft:fly_one_cm":300539},"minecraft:dropped":{"minecraft:writable_book":1}},"DataVersion":3105}