{"stats":{"minecraft:dropped":{"minecraft:command_block":1,"minecraft:redstone":7},"minecraft:custom":{"minecraft:time_since_rest":154868,"minecraft:sprint_one_cm":6546,"minecraft:walk_one_cm":133169,"minecraft:interact_with_anvil":5,"minecraft:drop":3,"minecraft:interact_with_crafting_table":3,"minecraft:fly_one_cm":329266,"minecraft:crouch_one_cm":931,"minecraft:play_time":154868,"minecraft:sneak_time":2037,"minecraft:interact_with_lectern":4,"minecraft:jump":93,"minecraft:leave_game":2,"minecraft:time_since_death":154868,"minecraft:total_world_time":227552},"minecraft:picked_up":{"minecraft:repeater":2,"minecraft:redstone":62,"minecraft:command_block":1,"minecraft:comparator":1,"minecraft:writable_book":1,"minecraft:birch_sign":3,"minecraft:redstone_torch":39},"minecraft:used":{"minecraft:redstone_torch":64,"minecraft:black_terracotta":1,"minecraft:writable_book":5,"minecraft:lever":4,"minecraft:green_concrete":3,"minecraft:black_concrete":45,"minecraft:cyan_terracotta":23,"minecraft:light_gray_stained_glass":13,"minecraft:orange_concrete":23,"minecraft:command_block":36,"minecraft:light_gray_concrete":26,"minecraft:red_concrete":6,"minecraft:redstone":116,"minecraft:dark_oak_sign":11,"minecraft:barrier":4,"minecraft:waxed_oxidized_cut_copper":1,"minecraft:lectern":2,"minecraft:cyan_concrete":5,"minecraft:magenta_concrete":11,"minecraft:tinted_glass":13,"minecraft:brown_concrete":5,"minecraft:stripped_jungle_wood":3,"minecraft:redstone_block":42,"minecraft:white_dye":5,"minecraft:glow_ink_sac":9,"minecraft:item_frame":4,"minecraft:glow_item_frame":5,"minecraft:purple_concrete":2,"minecraft:repeater":9,"minecraft:redstone_lamp":96,"minecraft:anvil":3,"minecraft:lime_concrete":6,"minecraft:comparator":2,"minecraft:black_stained_glass":11,"minecraft:light_blue_concrete":4,"minecraft:crafting_table":1,"minecraft:light_blue_wool":22,"minecraft:birch_sign":9,"minecraft:white_stained_glass":18,"minecraft:yellow_concrete":35,"minecraft:gray_concrete":96,"minecraft:white_concrete":49,"minecraft:black_concrete_powder":2,"minecraft:gray_wool":1,"minecraft:blue_concrete":2,"minecraft:smooth_stone":47,"minecraft:gray_stained_glass":22}},"DataVersion":3105}