{"stats":{"minecraft:custom":{"minecraft:interact_with_anvil":9,"minecraft:leave_game":35,"minecraft:time_since_death":2260644,"minecraft:time_since_rest":2260644,"minecraft:sprint_one_cm":141913,"minecraft:walk_one_cm":1533946,"minecraft:drop":37,"minecraft:fly_one_cm":9525424,"minecraft:open_chest":5,"minecraft:crouch_one_cm":40076,"minecraft:play_time":2260644,"minecraft:sneak_time":66746,"minecraft:interact_with_lectern":51,"minecraft:jump":3214,"minecraft:walk_on_water_one_cm":789,"minecraft:total_world_time":2260644,"minecraft:fall_one_cm":1314},"minecraft:used":{"minecraft:moss_block":3,"minecraft:stripped_acacia_wood":3,"minecraft:water_bucket":2,"minecraft:waxed_exposed_cut_copper":1,"minecraft:end_rod":88,"minecraft:writable_book":181,"minecraft:orange_concrete":186,"minecraft:birch_leaves":1,"minecraft:red_stained_glass":5,"minecraft:red_concrete":254,"minecraft:redstone":3418,"minecraft:bone_block":3,"minecraft:lime_wool":3,"minecraft:oak_planks":1,"minecraft:oak_sign":8,"minecraft:waxed_oxidized_cut_copper":1,"minecraft:lime_concrete_powder":2,"minecraft:white_concrete_powder":1,"minecraft:chest":3,"minecraft:tinted_glass":242,"minecraft:brown_concrete":25,"minecraft:redstone_block":330,"minecraft:stripped_jungle_wood":16,"minecraft:stripped_birch_wood":23,"minecraft:glow_ink_sac":25,"minecraft:green_terracotta":1,"minecraft:oak_leaves":1,"minecraft:spruce_leaves":1,"minecraft:orange_stained_glass":9,"minecraft:glow_item_frame":14,"minecraft:pink_concrete":881,"minecraft:polished_blackstone_pressure_plate":1,"minecraft:stripped_mangrove_wood":1,"minecraft:anvil":1,"minecraft:lime_terracotta":1,"minecraft:target":1004,"minecraft:comparator":9,"minecraft:light_blue_concrete":4,"minecraft:tnt":1,"minecraft:blue_stained_glass":10,"minecraft:yellow_concrete":373,"minecraft:light_gray_concrete_powder":2,"minecraft:gray_concrete":924,"minecraft:black_concrete_powder":155,"minecraft:blue_concrete":150,"minecraft:oak_fence_gate":1,"minecraft:cyan_stained_glass":9,"minecraft:redstone_torch":1132,"minecraft:purple_stained_glass":5,"minecraft:sticky_piston":33,"minecraft:glass":398,"minecraft:crimson_button":1,"minecraft:piston":18,"minecraft:lever":78,"minecraft:green_concrete":3,"minecraft:cyan_terracotta":1,"minecraft:black_concrete":646,"minecraft:stripped_dark_oak_wood":42,"minecraft:acacia_sign":2,"minecraft:waxed_cut_copper":1,"minecraft:command_block":282,"minecraft:light_gray_concrete":484,"minecraft:yellow_stained_glass":7,"minecraft:slime_block":4,"minecraft:barrier":3,"minecraft:green_wool":5,"minecraft:stone_button":52,"minecraft:verdant_froglight":3,"minecraft:quartz_block":1,"minecraft:magenta_concrete":2282,"minecraft:lectern":4,"minecraft:cyan_concrete":236,"minecraft:gray_concrete_powder":5,"minecraft:waxed_weathered_cut_copper":1,"minecraft:pink_wool":1,"minecraft:gravel":4,"minecraft:crimson_sign":56,"minecraft:bedrock":5,"minecraft:purple_concrete":244,"minecraft:repeater":268,"minecraft:redstone_lamp":395,"minecraft:lime_concrete":276,"minecraft:acacia_pressure_plate":3,"minecraft:lime_stained_glass":9,"minecraft:stripped_oak_wood":29,"minecraft:white_stained_glass":88,"minecraft:green_concrete_powder":1,"minecraft:chain_command_block":59,"minecraft:stone_pressure_plate":2,"minecraft:white_concrete":3073,"minecraft:observer":30,"minecraft:stripped_spruce_wood":25,"minecraft:gray_stained_glass":1},"minecraft:dropped":{"minecraft:lever":1,"minecraft:glow_ink_sac":1,"minecraft:stripped_jungle_wood":1,"minecraft:lime_concrete":1,"minecraft:glow_item_frame":1,"minecraft:command_block":2,"minecraft:oak_sign":16,"minecraft:redstone_lamp":1,"minecraft:repeater":66,"minecraft:chest":1,"minecraft:crimson_sign":6,"minecraft:redstone_torch":18,"minecraft:writable_book":5,"minecraft:black_concrete":1,"minecraft:stripped_oak_wood":1,"minecraft:stripped_spruce_wood":1,"minecraft:redstone_block":3,"minecraft:redstone":6},"minecraft:picked_up":{"minecraft:redstone_block":3,"minecraft:repeater":40,"minecraft:redstone_lamp":1,"minecraft:oak_sign":24,"minecraft:comparator":1,"minecraft:redstone_torch":666,"minecraft:chest":1176,"minecraft:glow_item_frame":1,"minecraft:lime_concrete":1,"minecraft:stone_button":19,"minecraft:redstone":1658,"minecraft:command_block":1,"minecraft:black_concrete":1,"minecraft:lever":16,"minecraft:writable_book":5,"minecraft:white_concrete":110}},"DataVersion":3105}