{"stats":{"minecraft:used":{"minecraft:redstone_torch":9,"minecraft:glass":5,"minecraft:pink_concrete":108,"minecraft:writable_book":14,"minecraft:black_concrete":8,"minecraft:redstone_lamp":10,"minecraft:target":6,"minecraft:orange_concrete":6,"minecraft:red_concrete":4,"minecraft:redstone":75,"minecraft:magenta_concrete":59,"minecraft:gray_concrete":5,"minecraft:tinted_glass":21,"minecraft:white_concrete":85,"minecraft:brown_concrete":3,"minecraft:redstone_block":5,"minecraft:glow_ink_sac":4},"minecraft:dropped":{"minecraft:redstone_lamp":1,"minecraft:redstone":1},"minecraft:custom":{"minecraft:time_since_rest":207995,"minecraft:crouch_one_cm":3219,"minecraft:sprint_one_cm":5781,"minecraft:play_time":207995,"minecraft:walk_one_cm":21572,"minecraft:sneak_time":3366,"minecraft:drop":2,"minecraft:jump":170,"minecraft:leave_game":5,"minecraft:time_since_death":207995,"minecraft:total_world_time":207995,"minecraft:fly_one_cm":768034},"minecraft:picked_up":{"minecraft:redstone_lamp":1,"minecraft:writable_book":1,"minecraft:redstone_torch":1,"minecraft:redstone":13}},"DataVersion":3105}