{"stats":{"minecraft:dropped":{"minecraft:yellow_concrete":1,"minecraft:crimson_sign":16,"minecraft:writable_book":3,"minecraft:cyan_concrete":1,"minecraft:black_concrete":1,"minecraft:redstone":2},"minecraft:picked_up":{"minecraft:repeater":11,"minecraft:glow_ink_sac":1,"minecraft:yellow_concrete":1,"minecraft:redstone":189,"minecraft:black_concrete":1,"minecraft:lever":14,"minecraft:writable_book":5,"minecraft:redstone_torch":47,"minecraft:cyan_concrete":1,"minecraft:crimson_sign":17},"minecraft:custom":{"minecraft:time_since_rest":1188552,"minecraft:sprint_one_cm":64177,"minecraft:damage_taken":240,"minecraft:walk_one_cm":1213274,"minecraft:drop":9,"minecraft:fly_one_cm":4596070,"minecraft:crouch_one_cm":541,"minecraft:play_time":1298783,"minecraft:deaths":1,"minecraft:sneak_time":9589,"minecraft:interact_with_lectern":2,"minecraft:jump":2149,"minecraft:leave_game":18,"minecraft:time_since_death":1188546,"minecraft:total_world_time":1298783},"minecraft:used":{"minecraft:redstone_torch":84,"minecraft:glass":14,"minecraft:mangrove_wood":4,"minecraft:green_concrete":2,"minecraft:end_rod":9,"minecraft:lever":18,"minecraft:writable_book":99,"minecraft:black_concrete":15,"minecraft:orange_concrete":33,"minecraft:acacia_sign":4,"minecraft:stripped_jungle_log":1,"minecraft:stripped_acacia_log":1,"minecraft:command_block":14,"minecraft:light_gray_concrete":20,"minecraft:spruce_wood":1,"minecraft:stripped_birch_log":1,"minecraft:red_concrete":6,"minecraft:polished_andesite":2,"minecraft:redstone":826,"minecraft:bone_block":1,"minecraft:magenta_concrete":24,"minecraft:white_concrete_powder":5,"minecraft:dark_oak_wood":1,"minecraft:cyan_concrete":18,"minecraft:tinted_glass":38,"minecraft:brown_concrete":2,"minecraft:redstone_block":25,"minecraft:gray_concrete_powder":2,"minecraft:glow_ink_sac":23,"minecraft:crimson_sign":14,"minecraft:bedrock":5,"minecraft:stripped_mangrove_log":2,"minecraft:orange_stained_glass":5,"minecraft:pink_concrete":34,"minecraft:jungle_wood":1,"minecraft:purple_concrete":36,"minecraft:repeater":22,"minecraft:redstone_lamp":55,"minecraft:target":21,"minecraft:lime_concrete":16,"minecraft:stripped_dark_oak_log":2,"minecraft:cut_copper":1,"minecraft:yellow_concrete":10,"minecraft:acacia_wood":1,"minecraft:light_gray_concrete_powder":2,"minecraft:gray_concrete":17,"minecraft:white_concrete":20,"minecraft:blue_concrete":18,"minecraft:brown_concrete_powder":1,"minecraft:stripped_spruce_log":1}},"DataVersion":3105}